n,rep,time_sec,max_rss_kb
1,1,2.17,3416
1,2,2.18,3348
1,3,2.14,3376
1,4,2.12,3456
1,5,2.12,3376
1,6,2.15,3232
1,7,2.13,3392
1,8,2.12,3380
1,9,2.15,3328
1,10,2.13,3364
2,1,4.28,3460
2,2,4.32,3328
2,3,4.26,3516
2,4,4.27,3372
2,5,4.26,3324
2,6,4.26,3328
2,7,4.27,3388
2,8,4.27,3248
2,9,4.25,3456
2,10,4.25,3376
3,1,6.37,3396
3,2,6.39,3408
3,3,6.39,3376
3,4,6.38,3348
3,5,6.47,3408
3,6,6.41,3408
3,7,6.40,3352
3,8,6.36,3412
3,9,6.37,3244
3,10,6.39,3412
4,1,8.62,3404
4,2,8.48,3336
4,3,8.50,3368
4,4,8.61,3340
4,5,8.65,3300
4,6,8.56,3272
4,7,8.65,3292
4,8,8.58,3360
4,9,8.59,3500
4,10,8.64,3308
5,1,11.12,3360
5,2,10.80,3472
5,3,10.83,3384
5,4,10.71,3400
5,5,10.78,3360
5,6,10.73,3232
5,7,10.67,3400
5,8,10.64,3364
5,9,10.63,3372
5,10,10.76,3356
6,1,12.76,3296
6,2,12.79,3292
6,3,12.83,3348
6,4,12.72,3348
6,5,12.79,3292
6,6,12.75,3244
6,7,12.95,3384
6,8,13.00,3504
6,9,12.93,3408
6,10,12.86,3296
7,1,15.10,3300
7,2,15.26,3332
7,3,15.18,3456
7,4,15.09,3460
7,5,15.05,3520
7,6,15.03,3492
7,7,15.03,3512
7,8,15.12,3328
7,9,15.08,3336
7,10,15.06,3404
8,1,17.25,3416
8,2,17.29,3340
8,3,17.30,3376
8,4,17.26,3404
8,5,17.14,3512
8,6,17.67,3404
8,7,17.83,3408
8,8,17.22,3252
8,9,17.26,3276
8,10,17.50,3356
9,1,19.96,3240
9,2,19.92,3368
9,3,19.38,3432
9,4,19.31,3428
9,5,19.27,3416
9,6,19.34,3424
9,7,19.30,3360
9,8,19.35,3368
9,9,19.33,3496
9,10,19.26,3428
10,1,21.49,3400
10,2,21.35,3304
10,3,21.44,3352
10,4,21.50,3348
10,5,21.22,3376
10,6,21.18,3460
10,7,21.20,3344
10,8,21.16,3440
10,9,21.41,3520
10,10,21.70,3324
11,1,23.69,3300
11,2,23.81,3508
11,3,23.76,3424
11,4,23.80,3368
11,5,23.94,3508
11,6,23.76,3392
11,7,23.81,3432
11,8,23.75,3340
11,9,23.77,3492
11,10,23.72,3400
12,1,27.25,3320
12,2,25.94,3384
12,3,25.90,3252
12,4,25.90,3400
12,5,25.98,3356
12,6,26.05,3356
12,7,26.01,3456
12,8,26.37,3248
12,9,26.17,3372
12,10,26.44,3408
13,1,28.23,3336
13,2,28.09,3348
13,3,28.11,3480
13,4,28.43,3400
13,5,28.08,3488
13,6,28.11,3412
13,7,28.26,3416
13,8,28.33,3424
13,9,28.01,3424
13,10,28.12,3512
14,1,30.23,3328
14,2,30.14,3416
14,3,31.35,3416
14,4,30.17,3296
14,5,30.31,3496
14,6,30.26,3240
14,7,30.29,3292
14,8,30.18,3292
14,9,30.20,3512
14,10,30.42,3424
15,1,32.34,3364
15,2,32.40,3516
15,3,32.47,3300
15,4,33.08,3376
15,5,32.94,3412
15,6,35.44,3516
15,7,34.33,3432
15,8,33.14,3324
15,9,34.36,3428
15,10,33.37,3396
16,1,35.55,3332
16,2,36.16,3492
16,3,34.91,3376
16,4,34.52,3404
16,5,34.35,3296
16,6,34.12,3328
16,7,34.04,3504
16,8,34.34,3496
16,9,34.43,3420
16,10,34.44,3400
17,1,36.66,3372
17,2,36.84,3356
17,3,36.62,3396
17,4,36.65,3384
17,5,36.61,3384
17,6,36.74,3360
17,7,36.62,3404
17,8,36.67,3368
17,9,36.51,3396
17,10,36.99,3420
18,1,38.99,3464
18,2,38.87,3332
18,3,38.80,3440
18,4,38.90,3336
18,5,38.80,3388
18,6,38.91,3364
18,7,38.80,3344
18,8,38.75,3352
18,9,38.88,3308
18,10,38.74,3296
19,1,41.23,3508
19,2,41.19,3456
19,3,40.99,3408
19,4,40.98,3420
19,5,40.95,3348
19,6,40.97,3492
19,7,41.02,3344
19,8,41.00,3360
19,9,41.10,3372
19,10,40.58,3400
20,1,42.61,3320
20,2,42.62,3400
20,3,42.86,3400
20,4,42.53,3356
20,5,43.99,3392
20,6,43.00,3240
20,7,42.90,3384
20,8,43.05,3348
20,9,42.89,3352
20,10,42.58,3292
